blockNumber,timestamp, inputAmount,inputInUSD,outputAmount,outputInUSD,slippage,slippageIsAcceptable
12780983,1625670003,100000000000000000000000000,101796324029030300000000000,406235755648708062913478,101562641754402878120670042,0.0023008684156966552,true
12781023,1625670043,100000000000000000000000000,101796324029030300000000000,406200133824905266235422,101558827223858006040737528,0.002338514648744461,true
12781063,1625670083,100000000000000000000000000,101796324029030300000000000,406164522486155701916562,101555012218126264464697369,0.0023761684000955796,true
12781103,1625670123,100000000000000000000000000,101796324029030300000000000,406128921627487814479555,101551196737089496382473114,0.0024138296722926444,true
12781143,1625670163,100000000000000000000000000,101796324029030300000000000,406093331243933332644674,101547380780629415516458087,0.0024514984678793983,true
12781183,1625670203,100000000000000000000000000,101796324029030300000000000,406057751330527266488422,101543564348627606497378954,0.0024891747894026928,true
12781223,1625670243,100000000000000000000000000,101796324029030300000000000,406022181882307904605301,101539747440965524466264371,0.0025268586394107118,true
12781263,1625670283,100000000000000000000000000,101796324029030300000000000,405986622894316811272716,101535930057524495477004024,0.0025645500204536376,true
12781303,1625670323,100000000000000000000000000,101796324029030300000000000,405951074361598823619014,101532112198185716411499754,0.002602248935084317,true
12781343,1625670363,100000000000000000000000000,101796324029030300000000000,405915584141309033012483,101528308622126554769242810,0.0026398096308415386,true
12781351,1625674700,100000000000000000000000000,101796361288615840100000000,406024047736594031363325,101510343442310749372829049,0.002817622683619847,true
12781391,1625674757,100000000000000000000000000,101796361288615840100000000,405990574540983332094821,101506722941251744452048548,0.002853390780152898,true
12781431,1625674797,100000000000000000000000000,101796361288615840100000000,405957110717042621244187,101503099994123081534757096,0.0028891855963979474,true
12781471,1625674837,100000000000000000000000000,101796361288615840100000000,405923656260556171401110,101499476430944674223447403,0.0029249890552209834,true
12781511,1625674877,100000000000000000000000000,101796361288615840100000000,405890211167310881370634,101495852251640109401145081,0.0029608011589545846,true
12781551,1625674917,100000000000000000000000000,101796361288615840100000000,405856775433096274055040,101492227456132797715859065,0.002996621909933994,true
12781591,1625674957,100000000000000000000000000,101796361288615840100000000,405823349053704494337861,101488602044345973627755920,0.0030324513104968975,true
12781631,1625674997,100000000000000000000000000,101796361288615840100000000,405789932024930306970041,101484976016202695727001110,0.003068289362983423,true
12781671,1625675037,100000000000000000000000000,101796361288615840100000000,405756524342571094458228,101481349371625846337561570,0.003104136069736585,true
12781711,1625675077,100000000000000000000000000,101796361288615840100000000,405723126002426854955197,101477722110538131961504544,0.0031399914331011747,true
12781711,1625679189,100000000000000000000000000,101796439714994905000000000,405981273891833944476688,101513787495689833744406126,0.0027843727071761304,true
12781751,1625679260,100000000000000000000000000,101796439714994905000000000,405948259139994804481368,101520923093602855751506538,0.002713890033663624,true
12781791,1625679300,100000000000000000000000000,101796439714994905000000000,405915198253708729919640,101528006823907830420135454,0.0026439294878766173,true
12781831,1625679340,100000000000000000000000000,101796439714994905000000000,405749478662038367060632,101501878545485729115524347,0.0029020267775357045,true
12781871,1625679380,100000000000000000000000000,101796439714994905000000000,405554763629735067769466,101468459472724266710920950,0.003232336865810037,true
12781911,1625679420,100000000000000000000000000,101796439714994905000000000,405360602870368474007182,101435140720785012581658984,0.003561872065662275,true
12781951,1625679460,100000000000000000000000000,101796439714994905000000000,405166994938797884500248,101401922032347076408584480,0.003890633182692227,true
12781991,1625679500,100000000000000000000000000,101796439714994905000000000,404973938396272988214152,101368803151238406853487775,0.004218621020102953,true
12782031,1625679540,100000000000000000000000000,101796439714994905000000000,404781431810402380537495,101335783822430155060855473,0.004545836378706536,true
12782071,1625679580,100000000000000000000000000,101796439714994905000000000,404589473755122276545213,101302863792031072920105613,0.0048722800569303,true
12782073,1625684283,100000000000000000000000000,101796518705948507700000000,405680975859466925027666,101441796521139898427059506,0.0034968050347441437,true
12782117,1625684345,100000000000000000000000000,101796518705948507700000000,405650479730104380946968,101446530159444374939826283,0.0034499804572325488,true
12782161,1625684389,100000000000000000000000000,101796518705948507700000000,405619991534502064561566,101451232258444587826250431,0.003403472188729273,true
12782205,1625684433,100000000000000000000000000,101796518705948507700000000,405589511269350353609386,101455909069329558456079359,0.0033572183201886485,true
12782249,1625684477,100000000000000000000000000,101796518705948507700000000,405559038931341527914531,101460560603247111198501002,0.0033112186716091063,true
12782293,1625684521,100000000000000000000000000,101796518705948507700000000,405528574517169767984951,101465186871314444237899926,0.003265473063724711,true
12782337,1625684565,100000000000000000000000000,101796518705948507700000000,405437085925767804944499,101454515522703435364568600,0.003371000112543321,true
12782381,1625684609,100000000000000000000000000,101796518705948507700000000,405288638590751648165017,101429558498110086756918771,0.00361788233402649,true
12782425,1625684653,100000000000000000000000000,101796518705948507700000000,405140693586406957400906,101404695589242024100203561,0.003863954370452838,true
12782469,1625684697,100000000000000000000000000,101796518705948507700000000,404993249846952306261317,101379924345491186746448282,0.004109239212268578,true
12782513,1625684741,100000000000000000000000000,101796518705948507700000000,404846306311613075060536,101355241068592314072617695,0.004353772263809841,true
12782557,1625684785,100000000000000000000000000,101796518705948507700000000,404699861924599794853515,101330648667203901093647745,0.004597523502239076,true
12782601,1625684829,100000000000000000000000000,101796518705948507700000000,404553915635086626543558,101306146955635840923443730,0.004840493544063129,true
12782645,1625684873,100000000000000000000000000,101796518705948507700000000,404408466397189974183821,101281735749090191575161960,0.005082683003514221,false
12782689,1625684917,100000000000000000000000000,101796518705948507700000000,404263513169947231601317,101257414863657381965695987,0.005324092492555055,false
12782733,1625684961,100000000000000000000000000,101796518705948507700000000,404119054917295661479005,101233184116312442932683224,0.005564722620883034,false
12782777,1625685005,100000000000000000000000000,101796518705948507700000000,403975090608051406038418,101209043324911260943951236,0.005804573995935147,false
12782821,1625685049,100000000000000000000000000,101796518705948507700000000,403831619215888628472091,101184992308186856121442807,0.006043647222891302,false
12782865,1625685093,100000000000000000000000000,101796518705948507700000000,403688639719318784281796,101161030885745682721082195,0.006281942904680093,false
12782909,1625685137,100000000000000000000000000,101796518705948507700000000,403546151101670021685274,101137158878063954096274660,0.006519461641981694,false
12782953,1625685181,100000000000000000000000000,101796518705948507700000000,403404152351066710260798,101113376106483989055873739,0.006756204033233848,false
12782997,1625685225,100000000000000000000000000,101796518705948507700000000,403262642460409097005457,101089682393210582825275321,0.006992170674634535,false
12783041,1625685269,100000000000000000000000000,101796518705948507700000000,403121620427353088989603,101066077561307399477166809,0.007227362160147299,false
12783085,1625685313,100000000000000000000000000,101796518705948507700000000,402981085254290161796330,101042561434693387790039993,0.007461779081505471,false
12783129,1625685357,100000000000000000000000000,101796518705948507700000000,402841035948327392941285,101019133838139219237344859,0.007695422028215715,false
12783173,1625685401,100000000000000000000000000,101796518705948507700000000,402701471521267619474476,100995794597263748269689706,0.007928291587563363,false
12783217,1625685445,100000000000000000000000000,101796518705948507700000000,402562390989589718972008,100972543538530495043912413,0.008160388344615521,false
12783261,1625685489,100000000000000000000000000,101796518705948507700000000,402423793374429013131975,100949380489244149872137786,0.008391712882226399,false
12783305,1625685533,100000000000000000000000000,101796518705948507700000000,402285677701557793194877,100926305277547099987891002,0.008622265781040195,false
12783349,1625685577,100000000000000000000000000,101796518705948507700000000,402148043001365966415134,100903317732415977696145066,0.008852047619496428,false
12783393,1625685621,100000000000000000000000000,101796518705948507700000000,402010888308841822816296,100880417683658230404204070,0.009081058973833711,false
12783437,1625685665,100000000000000000000000000,101796518705948507700000000,401874212663552921468653,100857604961908712018781331,0.009309300418093303,false
12783481,1625685709,100000000000000000000000000,101796518705948507700000000,401738015109627095533889,100834879398626295980445873,0.009536772524124437,false
12783525,1625685753,100000000000000000000000000,101796518705948507700000000,401602294695733575327386,100812240826090509036865510,0.009763475861586768,false
12783569,1625685797,100000000000000000000000000,101796518705948507700000000,401467050475064228654680,100789689077398186592056298,0.009989410997955916,false
12783613,1625685841,100000000000000000000000000,101796518705948507700000000,401332281505314917684383,100767223986460148658141479,0.010214578498527027,false
12783657,1625685885,100000000000000000000000000,101796518705948507700000000,401197986848666971625718,100744845387997897238011529,0.01043897892641854,false
12783701,1625685929,100000000000000000000000000,101796518705948507700000000,401064165571768774484515,100722553117540333322617329,0.010662612842576413,false
12783745,1625685973,100000000000000000000000000,101796518705948507700000000,400930816745717467177251,100700347011420495761626200,0.010885480805778114,false
12783789,1625686017,100000000000000000000000000,101796518705948507700000000,400797939446040763288325,100678226906772319659755538,0.011107583372636398,false
12783833,1625686061,100000000000000000000000000,101796518705948507700000000,400665532752678877761399,100656192641527415450462420,0.011328921097603972,false
12783877,1625686105,100000000000000000000000000,101796518705948507700000000,400533595749966567821169,100634244054411868013405754,0.011549494532976379,false
12783921,1625686149,100000000000000000000000000,101796518705948507700000000,400402127526615285427427,100612380984943056288933212,0.01176930422889666,false
12783965,1625686193,100000000000000000000000000,101796518705948507700000000,400271127175695440568786,100590603273426492011588238,0.011988350733359132,false
12784009,1625686237,100000000000000000000000000,101796518705948507700000000,400140593794618774708785,100568910760952679206746235,0.01220663459221294,false
12784053,1625686281,100000000000000000000000000,101796518705948507700000000,400010526485120843702545,100547303289393992813070702,0.012424156349166715,false
12784097,1625686325,100000000000000000000000000,101796518705948507700000000,399880924353243609507406,100525780701401576966175147,0.012640916545791248,false
12784141,1625686369,100000000000000000000000000,101796518705948507700000000,399751786509318140016304,100504342840402262766704165,0.012856915721524365,false
12784185,1625686413,100000000000000000000000000,101796518705948507700000000,399623112067947416347871,100482989550595505759987226,0.013072154413674264,false
12784229,1625686457,100000000000000000000000000,101796518705948507700000000,399494900147989246932444,100461720676950341765554849,0.013286633157423289,false
12784273,1625686501,100000000000000000000000000,101796518705948507700000000,399367149872539287738319,100440536065202362955617642,0.013500352485831923,false
12784317,1625686545,100000000000000000000000000,101796518705948507700000000,399239860368914167987713,100419435561850711795133122,0.013713312929842347,false
12784361,1625686589,100000000000000000000000000,101796518705948507700000000,399113030768634720716946,100398419014155094806891475,0.013925515018282209,false
12784405,1625686633,100000000000000000000000000,101796518705948507700000000,398986660207409317540414,100377486270132814470839743,0.014136959277868621,false
12784449,1625686677,100000000000000000000000000,101796518705948507700000000,398860747825117306982888,100356637178555819913761953,0.014347646233211497,false
12784493,1625686721,100000000000000000000000000,101796518705948507700000000,398735292765792555749636,100335871588947776542886125,0.01455757640681754,false
12784537,1625686765,100000000000000000000000000,101796518705948507700000000,398610294177607092308771,100315189351581153311714490,0.014766750319093136,false
12784581,1625686809,100000000000000000000000000,101796518705948507700000000,398485751212854852165091,100294590317474329010469136,0.014975168488349677,false
12784625,1625686853,100000000000000000000000000,101796518705948507700000000,398361663027935524209517,100274074338388716621156542,0.015182831430805344,false
12784669,1625686897,100000000000000000000000000,101796518705948507700000000,398238028783338497533014,100253641266825905225184474,0.015389739660589763,false
12784713,1625686941,100000000000000000000000000,101796518705948507700000000,398114847643626908098632,100233290956024820679179826,0.015595893689747342,false
12784757,1625686985,100000000000000000000000000,101796518705948507700000000,397992118777421784670024,100213023259958903683293061,0.015801294028241486,false
12784801,1625687029,100000000000000000000000000,101796518705948507700000000,397869841357386293399469,100192838033333305596249720,0.016005941183956374,false
12784845,1625687073,100000000000000000000000000,101796518705948507700000000,397748014560210080483054,100172735131582102440302974,0.016209835662702732,false
12784889,1625687117,100000000000000000000000000,101796518705948507700000000,397626637566593712295295,100152714410865525449503407,0.016412977968220277,false
12784933,1625687161,100000000000000000000000000,101796518705948507700000000,397505709561233212420001,100132775728067210275755894,0.01661536860218038,false
12784977,1625687205,100000000000000000000000000,101796518705948507700000000,397385229732804694998754,100112918940791462671003756,0.01681700806419162,false
12785021,1625687249,100000000000000000000000000,101796518705948507700000000,397265197273949093822831,100093143907360541854756589,0.01701789685180133,false
12785065,1625687293,100000000000000000000000000,101796518705948507700000000,397145611381256986598865,100073450486811960630521845,0.01721803546050027,false
12785109,1625687337,100000000000000000000000000,101796518705948507700000000,397026471255253513822968,100053838538895803273125104,0.01741742438372551,false
12785153,1625687381,100000000000000000000000000,101796518705948507700000000,396907776100383391702396,100034307924072059318992329,0.017616064112864205,false
12785197,1625687425,100000000000000000000000000,101796518705948507700000000,396789525124996018568212,100014858503507975252972752,0.017813955137256254,false
12785241,1625687469,100000000000000000000000000,101796518705948507700000000,396671717541330674226695,99995490139075422244840237,0.018011097944199195,false
12785285,1625687513,100000000000000000000000000,101796518705948507700000000,396554352565501811701537,99976202693348280650635378,0.018207493018949528,false
12785329,1625687557,100000000000000000000000000,101796518705948507700000000,396437429417484440823102,99956996029599841409600648,0.018403140844728272,false
12785373,1625687601,100000000000000000000000000,101796518705948507700000000,396320947321099603125243,99937870011800223575079760,0.018598041902722295,false
12785417,1625687645,100000000000000000000000000,101796518705948507700000000,396204905503999937514346,99918824504613808152738338,0.018792196672089423,false
12785461,1625687689,100000000000000000000000000,101796518705948507700000000,396089303197655336179416,99899859373396688478813845,0.018985605629960434,false
12785505,1625687733,100000000000000000000000000,101796518705948507700000000,395974139637338690216124,99880974484194136656631114,0.019178269251442837,false
12785549,1625687777,100000000000000000000000000,101796518705948507700000000,395859414062111724441841,99862169703738085830751567,0.019370188009624423,false
12785593,1625687821,100000000000000000000000000,101796518705948507700000000,395745125714810920882689,99843444899444628862730747,0.01956136237557593,false
12785637,1625687865,100000000000000000000000000,101796518705948507700000000,395631273842033530417696,99824799939411532758089021,0.01975179281835482,false
12785681,1625687909,100000000000000000000000000,101796518705948507700000000,395517857694123672069110,99806234692415768396890986,0.019941479805008377,false
12785725,1625687953,100000000000000000000000000,101796518705948507700000000,395404876525158519431868,99787749027911056937446527,0.020130423800576835,false
12785769,1625687997,100000000000000000000000000,101796518705948507700000000,395292329592934573739163,99769342816025431006060633,0.02031862526809647,false
12785813,1625688041,100000000000000000000000000,101796518705948507700000000,395180216158954023064923,99751015927558811809826039,0.020506084668603153,false
12785857,1625688085,100000000000000000000000000,101796518705948507700000000,395068535488411187167893,99732768233980601519503902,0.020692802461134807,false
12785901,1625688129,100000000000000000000000000,101796518705948507700000000,394957286850179047485829,99714599607427291164316204,0.020878779102735834,false
12785945,1625688173,100000000000000000000000000,101796518705948507700000000,394846469516795861792118,99696509920700083793776850,0.02106401504845845,false
12785989,1625688217,100000000000000000000000000,101796518705948507700000000,394736082764451863030924,99678499047262532611521023,0.02124851075136802,false
12786033,1625688261,100000000000000000000000000,101796518705948507700000000,394626125872976041850680,99660566861238194416850795,0.021432266662543498,false
12786077,1625688305,100000000000000000000000000,101796518705948507700000000,394516598125823012359473,99642713237408298022201970,0.021615283231083415,false
12786121,1625688349,100000000000000000000000000,101796518705948507700000000,394407498810059960629557,99624938051209427401117188,0.02179756090410656,false
12786165,1625688393,100000000000000000000000000,101796518705948507700000000,394298827216353675481881,99607241178731220065427258,0.02197910012675619,false
12786209,1625688437,100000000000000000000000000,101796518705948507700000000,394190582638957661085138,99589622496714079845797022,0.022159901342203137,false
12786253,1625688481,100000000000000000000000000,101796518705948507700000000,394082764375699330907464,99572081882546904447327973,0.02233996499164803,false
12786297,1625688525,100000000000000000000000000,101796518705948507700000000,393975371727967282562468,99554619214264827698143890,0.0225192915143253,false
12786341,1625688569,100000000000000000000000000,101796518705948507700000000,393868404000698653094833,99537234370546976239727795,0.02269788134750561,false
12786385,1625688613,100000000000000000000000000,101796518705948507700000000,393761860502366554254235,99519927230714240583482802,0.022875734926498748,false
12786429,1625688657,100000000000000000000000000,101796518705948507700000000,393655740544967587309835,99502697674727060851817792,0.023052852684656955,false
12786473,1625688701,100000000000000000000000000,101796518705948507700000000,393550043444009436961043,99485545583183226110497844,0.023229235053377595,false
12786517,1625688745,100000000000000000000000000,101796518705948507700000000,393444768518498543903719,99468470837315688672999520,0.023404882462106258,false
12786561,1625688789,100000000000000000000000000,101796518705948507700000000,393339915090927855614350,99451473318990392081174710,0.023579795338339427,false
12786605,1625688833,100000000000000000000000000,101796518705948507700000000,393235482487264654918177,99434552910704113118238346,0.023753974107627585,false
12786649,1625688877,100000000000000000000000000,101796518705948507700000000,393131470036938465910561,99417709495582318075427448,0.023927419193578325,false
12786693,1625688921,100000000000000000000000000,101796518705948507700000000,393027877072829036804242,99400942957377032499571620,0.024100131017858573,false
12786737,1625688965,100000000000000000000000000,101796518705948507700000000,392924702931254399278450,99384253180464725156208742,0.024272110000198133,false
12786781,1625689009,100000000000000000000000000,101796518705948507700000000,392821946951959003909100,99367640049844205441674089,0.024443356558392138,false
12786825,1625689053,100000000000000000000000000,101796518705948507700000000,392719608478101931262580,99351103451134534507574229,0.02461387110830371,false
12786869,1625689097,100000000000000000000000000,101796518705948507700000000,392617686856245178238867,99334643270572950323940618,0.02478365406386751,false
12786913,1625689141,100000000000000000000000000,101796518705948507700000000,392516181436342019252921,99318259395012805430064416,0.024952705837091527,false
12786957,1625689185,100000000000000000000000000,101796518705948507700000000,392415091571725441846502,99301951711921519331002688,0.02512102683806061,false
12787001,1625689229,100000000000000000000000000,101796518705948507700000000,392314416619096656325700,99285720109378542748892570,0.02528861747493938,false
12787045,1625689273,100000000000000000000000000,101796518705948507700000000,392214155938513679022633,99269564476073336944652598,0.025455478153973754,false
12787089,1625689317,100000000000000000000000000,101796518705948507700000000,392114308893379988782869,99253484701303364588488391,0.025621609279495194,false
12787133,1625689361,100000000000000000000000000,101796518705948507700000000,392014874850433256283225,99237480674972094937094107,0.025787011253922465,false
12787177,1625689405,100000000000000000000000000,101796518705948507700000000,391915853179734145787672,99221552287587021511483436,0.025951684477764747,false
12787221,1625689449,100000000000000000000000000,101796518705948507700000000,391817243254655188952119,99205699430257693045738054,0.02611562934962408,false
12787265,1625689493,100000000000000000000000000,101796518705948507700000000,391719044451869730291876,99189921994693757477019981,0.026278846266198252,false
12787309,1625689537,100000000000000000000000000,101796518705948507700000000,391621256151340943928605,99174219873203018268713371,0.026441335622283457,false
12787353,1625689581,100000000000000000000000000,101796518705948507700000000,391523877736310921236530,99158592958689504278711709,0.02660309781077652,false
12787397,1625689625,100000000000000000000000000,101796518705948507700000000,391426908593289829010674,99143041144651551917287570,0.026764133222678455,false
12787441,1625689669,100000000000000000000000000,101796518705948507700000000,391330348112045137782784,99127564325179900027712623,0.026924442247096003,false
12787485,1625689713,100000000000000000000000000,101796518705948507700000000,391234195685590919913558,99112162394955797401445138,0.027084025271244982,false
12787529,1625689757,100000000000000000000000000,101796518705948507700000000,391138450710177217092660,99096835249249123190354717,0.027242882680452052,false
12787573,1625689801,100000000000000000000000000,101796518705948507700000000,391043112585279476880907,99081582783916519179699763,0.027401014858158712,false
12787617,1625689845,100000000000000000000000000,101796518705948507700000000,390948180713588057931820,99066404895399534952507111,0.027558422185922637,false
12787661,1625689889,100000000000000000000000000,101796518705948507700000000,390853654500997803532631,99051301480722785037933644,0.02771510504342034,false
12787705,1625689933,100000000000000000000000000,101796518705948507700000000,390759533356597683107587,99036272437492118949960064,0.02787106380845006,false
12787749,1625689977,100000000000000000000000000,101796518705948507700000000,390665816692660501329210,99021317663892802580283833,0.028026298856934417,false
12787793,1625690021,100000000000000000000000000,101796518705948507700000000,390572503924632674485961,99006437058687712687464500,0.028180810562922654,false
12787837,1625690065,100000000000000000000000000,101796518705948507700000000,390479594471124073757466,98991630521215542760986268,0.02833459929859261,false
12787881,1625690109,100000000000000000000000000,101796518705948507700000000,390387087753897935051238,98976897951389021354779885,0.028487665434254072,false
12787925,1625690153,100000000000000000000000000,101796518705948507700000000,390294983197860835057495,98962239249693141938727516,0.028640009338351202,false
12787969,1625690197,100000000000000000000000000,101796518705948507700000000,390203280231052733181424,98947654317183405565442470,0.028791631377464322,false
12788013,1625690241,100000000000000000000000000,101796518705948507700000000,390111978284637079014851,98933143055484074158791244,0.028942531916312353,false
12788057,1625690285,100000000000000000000000000,101796518705948507700000000,390021076792890985011986,98918705366786436657259381,0.029092711317755926,false
12788101,1625690329,100000000000000000000000000,101796518705948507700000000,389930575193195464036503,98904341153847086349340352,0.0292421699427996,false
12788145,1625690373,100000000000000000000000000,101796518705948507700000000,389840472926025731449881,98890050319986210213912022,0.029390908150593642,false
12788189,1625690417,100000000000000000000000000,101796518705948507700000000,389750769434941571413472,98875832769085889307091025,0.02953892629843713,false
12788233,1625690461,100000000000000000000000000,101796518705948507700000000,389661464166577767079398,98861688405588411442517400,0.029686224741779732,false
12788277,1625690505,100000000000000000000000000,101796518705948507700000000,389572556570634594347898,98847617134494594991937401,0.029832803834224597,false
12788321,1625690549,100000000000000000000000000,101796518705948507700000000,389484046099868378871318,98833618861362124153041201,0.029978663927530125,false
12788365,1625690593,100000000000000000000000000,101796518705948507700000000,389395932210082115987449,98819693492303895489716131,0.030123805371613077,false
12788409,1625690637,100000000000000000000000000,101796518705948507700000000,389308214360116153267428,98805840933986376175181688,0.030268228514549467,false
12788453,1625690681,100000000000000000000000000,101796518705948507700000000,389220892011838935365911,98792061093627973348999827,0.030411933702578775,false
12788497,1625690725,100000000000000000000000000,101796518705948507700000000,389133964630137810863698,98778353878997414386322557,0.03055492128010462,false
12788541,1625690769,100000000000000000000000000,101796518705948507700000000,389047431682909900795454,98764719198412138945015030,0.03069719158969786,false
12788585,1625690813,100000000000000000000000000,101796518705948507700000000,388961292641053028557586,98751156960736701489693832,0.030838744972098375,false
12788629,1625690857,100000000000000000000000000,101796518705948507700000000,388875546978456710893793,98737667075381185408926345,0.03097958176621729,false
12788673,1625690901,100000000000000000000000000,101796518705948507700000000,388790194171993209658185,98724249452299627812396624,0.031119702309140296,false
12788717,1625690945,100000000000000000000000000,101796518705948507700000000,388705233701508644058257,98710904001988455583391054,0.03125910693612832,false
12788761,1625690989,100000000000000000000000000,101796518705948507700000000,388620665049814163082403,98697630635484931875048278,0.0313977959806202,false
12788805,1625691033,100000000000000000000000000,101796518705948507700000000,388536487702677177818972,98684429264365613959880992,0.03153576977423578,false
12788849,1625691077,100000000000000000000000000,101796518705948507700000000,388452701148812653376241,98671299800744821577462747,0.03167302864677679,false
12788893,1625691121,100000000000000000000000000,101796518705948507700000000,388369304879874460114988,98658242157273116126123972,0.031809572926229546,false
12788937,1625691165,100000000000000000000000000,101796518705948507700000000,388286298390446783907659,98645256247135790641020766,0.03194540293876735,false
12788981,1625691209,100000000000000000000000000,101796518705948507700000000,388203681178035595140426,98632341984051370126569427,0.03208051900875253,false
12789025,1625691253,100000000000000000000000000,101796518705948507700000000,388121452743060176176683,98619499282270122907734890,0.032214921458737944,false
12789069,1625691297,100000000000000000000000000,101796518705948507700000000,388039612588844707002833,98606728056572582238843011,0.032348610609469475,false
12789113,1625691341,100000000000000000000000000,101796518705948507700000000,387958160221609908779414,98594028222268078404424733,0.032481586779889104,false
12789157,1625691385,100000000000000000000000000,101796518705948507700000000,387877095150464745022891,98581399695193281640319323,0.032613850287134705,false
12789201,1625691429,100000000000000000000000000,101796518705948507700000000,387796416887398180145628,98568842391710754697792863,0.0327454014465447,false
12789245,1625691473,100000000000000000000000000,101796518705948507700000000,387716124947270995083757,98556356228707516810994208,0.03287624057165783,false
12789289,1625691517,100000000000000000000000000,101796518705948507700000000,387636218847807659744876,98543941123593616977582082,0.033006367974216744,false
12789333,1625691561,100000000000000000000000000,101796518705948507700000000,387556698109588262009636,98531596994300718103205798,0.03313578396416972,false
12789377,1625691605,100000000000000000000000000,101796518705948507700000000,387477562256040493023483,98519323759280691301254001,0.033264488849672036,false
12789421,1625691649,100000000000000000000000000,101796518705948507700000000,387398810813431688516922,98507121337504220072088024,0.033392482937088186,false
12789465,1625691693,100000000000000000000000000,101796518705948507700000000,387320443310860925894839,98494989648459414875722057,0.03351976653099453,false
12789509,1625691737,100000000000000000000000000,101796518705948507700000000,387242459280251176837492,98482928612150437606440791,0.03364633993418087,false
12789553,1625691781,100000000000000000000000000,101796518705948507700000000,387164858256341515157934,98470938149096136278164884,0.033772203447651306,false
12789597,1625691825,100000000000000000000000000,101796518705948507700000000,387087639776679379662656,98459018180328689754589582,0.03389735737062849,false
12789641,1625691869,100000000000000000000000000,101796518705948507700000000,387010803381612891764389,98447168627392261803074784,0.0340218020005536,false
12789685,1625691913,100000000000000000000000000,101796518705948507700000000,386934348614283227597986,98435389412341666113315308,0.034145537633088585,false
12789729,1625691957,100000000000000000000000000,101796518705948507700000000,386858275020617044392420,98423680457741040015853015,0.03426856456211902,false
12789773,1625692001,100000000000000000000000000,101796518705948507700000000,386782582149318960853922,98412041686662529024603903,0.03439088307975502,false
12789817,1625692045,100000000000000000000000000,101796518705948507700000000,386707269551864091317340,98400473022684980370297007,0.03451249347633323,false
12789861,1625692089,100000000000000000000000000,101796518705948507700000000,386632336782490633424769,98388974389892646853336988,0.034633396040419706,false
12789905,1625692133,100000000000000000000000000,101796518705948507700000000,386557783398192509092547,98377545712873899904577687,0.03475359105880993,false
12789949,1625692177,100000000000000000000000000,101796518705948507700000000,386483608958712058529646,98366186916719952506002834,0.034873078816532566,false
12789993,1625692221,100000000000000000000000000,101796518705948507700000000,386409813026532787072494,98354897927023591844124884,0.03499185959684992,false
12790037,1625692265,100000000000000000000000000,101796518705948507700000000,386336395166872164603207,98343678669877921296573158,0.035109933681260364,false
12790081,1625692309,100000000000000000000000000,101796518705948507700000000,386263354947674477320150,98332529071875112047114787,0.03522730134949992,false
12790125,1625692353,100000000000000000000000000,101796518705948507700000000,386190691939603731631693,98321449060105164019885270,0.035343962879544,false
12790169,1625692397,100000000000000000000000000,101796518705948507700000000,386118405716036609945941,98310438562154676618255673,0.0354599185476101,false
12790213,1625692441,100000000000000000000000000,101796518705948507700000000,386046495853055478131132,98299497506105628427339112,0.035575168628157794,false
12790257,1625692485,100000000000000000000000000,101796518705948507700000000,385974961929441444423286,98288625820534166516871576,0.03568971339389182,false
12790301,1625692529,100000000000000000000000000,101796518705948507700000000,385903803526667469559576,98277823434509405171731938,0.035803553115763664,false
12790345,1625692573,100000000000000000000000000,101796518705948507700000000,385833020228891527917781,98267090277592233492079181,0.03591668806297288,false
12790389,1625692617,100000000000000000000000000,101796518705948507700000000,385762611622949819444018,98256426279834132711156105,0.03602911850296886,false
12790433,1625692661,100000000000000000000000000,101796518705948507700000000,385692577298350032152821,98245831371776002427175556,0.03614084470145307,false
12790477,1625692705,100000000000000000000000000,101796518705948507700000000,385622916847264654985462,98235305484446996033942118,0.036251866922379916,false
12790521,1625692749,100000000000000000000000000,101796518705948507700000000,385553629864524340814258,98224848549363365292188600,0.03636218542795899,false
12790565,1625692793,100000000000000000000000000,101796518705948507700000000,385484715947611319382388,98214460498527314302540461,0.03647180047865661,false
12790609,1625692837,100000000000000000000000000,101796518705948507700000000,385416174696652859970592,98204141264425861895083282,0.036580712333197374,false
12790653,1625692881,100000000000000000000000000,101796518705948507700000000,385348005714414783583893,98193890780029713488269891,0.03668892124856593,false
12790697,1625692925,100000000000000000000000000,101796518705948507700000000,385280208606295024453277,98183708978792141940508363,0.03679642748000833,false
12790741,1625692969,100000000000000000000000000,101796518705948507700000000,385212782980317240649035,98173595794647877334044415,0.03690323128103401,false
12790785,1625693013,100000000000000000000000000,101796518705948507700000000,385145728447124473604241,98163551162012005170588678,0.0370093329034169,false
12790829,1625693057,100000000000000000000000000,101796518705948507700000000,385079044619972856348591,98153575015778874355384556,0.037114732597197886,false
12790873,1625693101,100000000000000000000000000,101796518705948507700000000,385012731114725370254564,98143667291321013176292741,0.03721943061068522,false
12790917,1625693145,100000000000000000000000000,101796518705948507700000000,384946787549845650099608,98133827924488054582820787,0.03732342719045678,false
12790961,1625693189,100000000000000000000000000,101796518705948507700000000,384881213546391837249773,98124056851605669998271741,0.03742672258136204,false
12791005,1625693233,100000000000000000000000000,101796518705948507700000000,384816008728010480771913,98114354009474512193541932,0.03752931702652207,false
12791049,1625693277,100000000000000000000000000,101796518705948507700000000,384751172720930486283311,98104719335369166072012224,0.03763121076733311,false
12791093,1625693321,100000000000000000000000000,101796518705948507700000000,384686705153957112349234,98095152767037109410832019,0.03773240404346634,false
12791137,1625693365,100000000000000000000000000,101796518705948507700000000,384622605658466014240641,98085654242697681014699875,0.03783289709287008,false
12791181,1625693409,100000000000000000000000000,101796518705948507700000000,384558873868397334865922,98076223701041058253056436,0.03793269015177181,false
12791225,1625693453,100000000000000000000000000,101796518705948507700000000,384495509420249842692210,98066861081227242464352411,0.03803178345467839,false
12791269,1625693497,100000000000000000000000000,101796518705948507700000000,384432511953075116473475,98057566322885054014638056,0.038130177234378726,false
12791313,1625693541,100000000000000000000000000,101796518705948507700000000,384369881108471776604231,98048339366111134493649665,0.03822787172194442,false
12791357,1625693585,100000000000000000000000000,101796518705948507700000000,384307616530579762919345,98039180151468958526374279,0.03832486714673178,false
12791401,1625693629,100000000000000000000000000,101796518705948507700000000,384245717866074658762051,98030088619987853464281248,0.03842116373638271,false
12791445,1625693673,100000000000000000000000000,101796518705948507700000000,384184184764162061143881,98021064713162027380649800,0.038516761716826275,false
12791489,1625693717,100000000000000000000000000,101796518705948507700000000,384123016876571996821857,98012108372949606071320049,0.03861166131228089,false
12791533,1625693761,100000000000000000000000000,101796518705948507700000000,384062213857553384119858,98003219541771677759147116,0.038705862745254116,false
12791577,1625693805,100000000000000000000000000,101796518705948507700000000,384001775363868540322692,97994398162511346465911983,0.038799366236545785,false
12791621,1625693849,100000000000000000000000000,101796518705948507700000000,383941701054787734472961,97985644178512793515927101,0.03889217200524775,false
12791665,1625693893,100000000000000000000000000,101796518705948507700000000,383881990592083785402400,97976957533580347462803171,0.03898428026874634,false
12791709,1625693937,100000000000000000000000000,101796518705948507700000000,383822643640026704830919,97968338171977562185294465,0.0390756912427237,false
12791753,1625693981,100000000000000000000000000,101796518705948507700000000,383763659865378385368144,97959786038426303151864505,0.039166405141158434,false
12791797,1625694025,100000000000000000000000000,101796518705948507700000000,383705038937387333253796,97951301078105841830609187,0.03925642217632719,false
12791841,1625694069,100000000000000000000000000,101796518705948507700000000,383646780527783445674775,97942883236651958371449123,0.03934574255880641,false
12791885,1625694113,100000000000000000000000000,101796518705948507700000000,383588884310772832498382,97934532460156052532796936,0.039434366497473006,false
12791929,1625694157,100000000000000000000000000,101796518705948507700000000,383531349963032682262576,97926248695164262020500918,0.0395222941995057,false
12791973,1625694201,100000000000000000000000000,101796518705948507700000000,383474177163706172265739,97918031888676589963010881,0.03960952587038702,false
12792017,1625694245,100000000000000000000000000,101796518705948507700000000,383417365594397422599892,97909881988146039489761275,0.03969606171390372,false
12792061,1625694289,100000000000000000000000000,101796518705948507700000000,383360914939166493972806,97901798941477756787986625,0.039781901932148145,false
12792105,1625694333,100000000000000000000000000,101796518705948507700000000,383304824884524429165959,97893782697028182113825766,0.039867046725519995,false
12792149,1625694377,100000000000000000000000000,101796518705948507700000000,383249095119428337976759,97885833203604208649429257,0.03995149629272721,false
12792193,1625694421,100000000000000000000000000,101796518705948507700000000,383193725335276525494937,97877950410462349328589612,0.04003525083078663,false
12792237,1625694465,100000000000000000000000000,101796518705948507700000000,383138715225903663564474,97870134267307911579312769,0.04011831053502646,false
12792281,1625694509,100000000000000000000000000,101796518705948507700000000,383084064487576005283892,97862384724294179950004238,0.040200675599086244,false
12792325,1625694553,100000000000000000000000000,101796518705948507700000000,383029772818986642399200,97854701732021606606755638,0.04028234621491866,false
12792369,1625694597,100000000000000000000000000,101796518705948507700000000,382975839921250805445205,97847085241537009739195820,0.04036332257279063,false
12792413,1625694641,100000000000000000000000000,101796518705948507700000000,382922265497901206492380,97839535204332779450039719,0.04044360486128418,false
12792457,1625694685,100000000000000000000000000,101796518705948507700000000,382869049254883424357863,97832051572346092024343259,0.040523193267297586,false
12792501,1625694729,100000000000000000000000000,101796518705948507700000000,382816190900551332140625,97824634297958131095812967,0.040602087976047585,false
12792545,1625694773,100000000000000000000000000,101796518705948507700000000,382763690145662566942251,97817283333993317654635187,0.04068028917106847,false
12792589,1625694817,100000000000000000000000000,101796518705948507700000000,382711546703374041636166,97809998633718546511825955,0.040757797034215226,false
12792633,1625694861,100000000000000000000000000,101796518705948507700000000,382659760289237498549589,97802780150842431764913532,0.04083461174566283,false
12792677,1625694905,100000000000000000000000000,101796518705948507700000000,382608330621195104923840,97795627839514558536679893,0.04091073348390917,false
12792721,1625694949,100000000000000000000000000,101796518705948507700000000,382557257419575090020062,97788541654324743660812659,0.04098616242577435,false
12792765,1625694993,100000000000000000000000000,101796518705948507700000000,382506540407087423738781,97781521550302303167025833,0.041060898746403174,false
12792809,1625695037,100000000000000000000000000,101796518705948507700000000,382456179308819536623098,97774567482915327653817218,0.04113494261926509,false
12792853,1625695081,100000000000000000000000000,101796518705948507700000000,382406173852232081116701,97767679408069964978034017,0.041208294216155794,false
12792897,1625695125,100000000000000000000000000,101796518705948507700000000,382356523767154733949226,97760857282109710959849261,0.04128095370719831,false
12792941,1625695169,100000000000000000000000000,101796518705948507700000000,382307228785782039522878,97754101061814707206756731,0.04135292126084389,false
12792985,1625695213,100000000000000000000000000,101796518705948507700000000,382258288642669294175537,97747410704401046592821484,0.04142419704387268,false
12793029,1625695257,100000000000000000000000000,101796518705948507700000000,382209703074728471196978,97740786167520086206231524,0.04149478122139527,false
12793073,1625695301,100000000000000000000000000,101796518705948507700000000,382161471821224186476109,97734227409257767890907355,0.04156467395685315,false
12793117,1625695345,100000000000000000000000000,101796518705948507700000000,382113594623769704658508,97727734388133945977469834,0.041633875412020016,false
12793161,1625695389,100000000000000000000000000,101796518705948507700000000,382066071226322985694869,97721307063101722587731498,0.04170238574700291,false
12793205,1625695433,100000000000000000000000000,101796518705948507700000000,382018901375182771662248,97714945393546790375034143,0.04177020512024221,false
12793249,1625695477,100000000000000000000000000,101796518705948507700000000,381972084818984713741362,97708649339286782628527074,0.041837333688513834,false
12793293,1625695521,100000000000000000000000000,101796518705948507700000000,381925621308697539234489,97702418860570630775366652,0.04190377160692904,false
12793337,1625695565,100000000000000000000000000,101796518705948507700000000,381879510597619258509797,97696253918077928811669360,0.04196951902893642,false
12793381,1625695609,100000000000000000000000000,101796518705948507700000000,381833752441373411759282,97690154472918305977369872,0.042034576106321664,false
12793425,1625695653,100000000000000000000000000,101796518705948507700000000,381788346597905355458722,97684120486630805643742740,0.04209894298920913,false
12793469,1625695697,100000000000000000000000000,101796518705948507700000000,381743292827478588419414,97678151921183272386190135,0.04216261982606251,false
12793513,1625695741,100000000000000000000000000,101796518705948507700000000,381698590892671117322672,97672248738971745792345610,0.04222560676368614,false
12793557,1625695785,100000000000000000000000000,101796518705948507700000000,381654240558371861629405,97666410902819861646090473,0.042287903947224814,false
12793601,1625695829,100000000000000000000000000,101796518705948507700000000,381610241591777097758323,97660638375978260558773954,0.04234951152016597,false
12793645,1625695873,100000000000000000000000000,101796518705948507700000000,381566593762386942427604,97654931122124003353557081,0.04241042962433883,false
12793689,1625695917,100000000000000000000000000,101796518705948507700000000,381523296842001875056117,97649289105359994376878293,0.04247065839991726,false
12793733,1625695961,100000000000000000000000000,101796518705948507700000000,381480350604719299121538,97643712290214411019338747,0.042530197985418905,false
12793777,1625696005,100000000000000000000000000,101796518705948507700000000,381437754826930142373985,97638200641640141262730678,0.04258904851770651,false
12793821,1625696049,100000000000000000000000000,101796518705948507700000000,381395509287315495804990,97632754125014227867347106,0.0426472101319888,false
12793865,1625696093,100000000000000000000000000,101796518705948507700000000,381353613766843291272913,97627372706137320021003149,0.042704682961821616,false
12793909,1625696137,100000000000000000000000000,101796518705948507700000000,381312068048765017687131,97622056351233131776089446,0.04276146713910767,false
12793953,1625696181,100000000000000000000000000,101796518705948507700000000,381270871918612475654544,97616805026947907690490158,0.04281756279409832,false
12793997,1625696225,100000000000000000000000000,101796518705948507700000000,381230025164194570493205,97611618700349895680222030,0.04287297005539381,false
12794041,1625696269,100000000000000000000000000,101796518705948507700000000,381189527575594143519063,97606497338928826954170643,0.042927689049943485,false
12794085,1625696313,100000000000000000000000000,101796518705948507700000000,381149378945164841513078,97601440910595402599989858,0.042981719903048,false
12794129,1625696357,100000000000000000000000000,101796518705948507700000000,381109579067528024277118,97596449383680787698041682,0.04303506273835844,false
12794173,1625696401,100000000000000000000000000,101796518705948507700000000,381070127739569710188326,97591522726936112183796245,0.04308771767787767,false
12794217,1625696445,100000000000000000000000000,101796518705948507700000000,381031024760437559662783,97586660909531978779347964,0.04313968484196096,false
12794261,1625696489,100000000000000000000000000,101796518705948507700000000,380992269931537896440562,97581863901057977676494187,0.04319096434931735,false
12794305,1625696533,100000000000000000000000000,101796518705948507700000000,380953863056532766605402,97577131671522208972369315,0.04324155631700877,false
12794349,1625696577,100000000000000000000000000,101796518705948507700000000,380915803941337035253472,97572464191350810806313709,0.04329146086045177,false
12794393,1625696621,100000000000000000000000000,101796518705948507700000000,380878092394115520726853,97567861431387495577938426,0.04334067809341824,false
12794437,1625696665,100000000000000000000000000,101796518705948507700000000,380840728225280166328577,97563323362893092637064416,0.043389208128035595,false
12794481,1625696709,100000000000000000000000000,101796518705948507700000000,380803711247487249437206,97558849957545097645645620,0.04343705107478746,false
12794525,1625696753,100000000000000000000000000,101796518705948507700000000,380767041275634627940160,97554441187437229427889397,0.0434842070425141,false
12794569,1625696797,100000000000000000000000000,101796518705948507700000000,380730718126859023906128,97550097025078993109099590,0.04353067613841333,false
12794613,1625696841,100000000000000000000000000,101796518705948507700000000,380694741620533344418100,97545817443395250538744908,0.04357645846804137,false
12794657,1625696885,100000000000000000000000000,101796518705948507700000000,380659111578264039489698,97541602415725797464775007,0.043621554135312435,false
12794701,1625696929,100000000000000000000000000,101796518705948507700000000,380623827823888496988675,97537451915824947448118306,0.04366596324250027,false
12794745,1625696973,100000000000000000000000000,101796518705948507700000000,380588890183472474492580,97533365917861122721034778,0.04370968589023838,false
12794789,1625697017,100000000000000000000000000,101796518705948507700000000,380554298485307568002747,97529344396416452011450833,0.0437527221775198,false
12794833,1625697061,100000000000000000000000000,101796518705948507700000000,380520052559908717443951,97525387326486374728545240,0.04379507220169909,false
12794877,1625697105,100000000000000000000000000,101796518705948507700000000,380486152240011748878163,97521494683479252539722359,0.04383673605849148,false
12794921,1625697149,100000000000000000000000000,101796518705948507700000000,380452597360570953362036,97517666443215987414946713,0.04387771384197414,false
12794965,1625697193,100000000000000000000000000,101796518705948507700000000,380419387758756702378856,97513902581929646004124499,0.0439180056445867,false
12795009,1625697237,100000000000000000000000000,101796518705948507700000000,380386523273953099776859,97510203076265092074141905,0.04395761155713096,false
12795053,1625697281,100000000000000000000000000,101796518705948507700000000,380354003747755670146920,97506567903278624174727250,0.043996531668772265,false
12795097,1625697325,100000000000000000000000000,101796518705948507700000000,380321829023969083573778,97502997040437621202634332,0.044034766067039266,false
12795141,1625697369,100000000000000000000000000,101796518705948507700000000,380289998948604916696076,97499490465620194071730876,0.04407231483782481,false
12795185,1625697413,100000000000000000000000000,101796518705948507700000000,380258513369879450011620,97496048157114844384840350,0.04410917806538639,false
12795229,1625697457,100000000000000000000000000,101796518705948507700000000,380227372138211501365386,97492670093620129539423321,0.04414535583234591,false
12795273,1625697501,100000000000000000000000000,101796518705948507700000000,380196575106220295558926,97489356254244334976247676,0.04418084821969126,false
12795317,1625697545,100000000000000000000000000,101796518705948507700000000,380166122128723370020931,97486106618505152975561680,0.04421565530677518,false
12795361,1625697589,100000000000000000000000000,101796518705948507700000000,380136013062734516479840,97482921166329367729841081,0.04424977717131706,false
12795405,1625697633,100000000000000000000000000,101796518705948507700000000,380106247767461758580467,97479799878052547566633711,0.044283213889402484,false
12795449,1625697677,100000000000000000000000000,101796518705948507700000000,380076826104305365387765,97476742734418743706576957,0.044315965535484336,false
12795493,1625697721,100000000000000000000000000,101796518705948507700000000,380047747936855900721907,97473749716580195620865292,0.0443480321823817,false
12795537,1625697765,100000000000000000000000000,101796518705948507700000000,380019013130892308270008,97470820806097043300101107,0.04437941390128186,false
12795581,1625697809,100000000000000000000000000,101796518705948507700000000,379990621554380032420877,97467955984937045599818573,0.04441011076174006,false
12795625,1625697853,100000000000000000000000000,101796518705948507700000000,379962573077469174770321,97465155235475305688531666,0.044440122831679085,false
12795669,1625697897,100000000000000000000000000,101796518705948507700000000,379934867572492686245585,97462418540494003242919648,0.04446945017739079,false
12795713,1625697941,100000000000000000000000000,101796518705948507700000000,379907504913964594798625,97459745883182132743462710,0.04449809286353523,false
12795757,1625697985,100000000000000000000000000,101796518705948507700000000,379880484978578268618999,97457137247135248664418135,0.04452605095314155,false
12795801,1625698029,100000000000000000000000000,101796518705948507700000000,379853807645204714818248,97454592616355217524920271,0.04455332450760885,false
12795845,1625698073,100000000000000000000000000,101796518705948507700000000,379827472794890913538722,97452111975249976070633104,0.04457991358670488,false
12795889,1625698117,100000000000000000000000000,101796518705948507700000000,379801480310858187440884,97449695308633296040597162,0.0446058182485678,false
12795933,1625698161,100000000000000000000000000,101796518705948507700000000,379775830078500606524243,97447342601724556410521903,0.04463103854970574,false
12795977,1625698205,100000000000000000000000000,101796518705948507700000000,379750521985383428238086,97445053840148520600939975,0.0446555745449968,false
12796021,1625698249,100000000000000000000000000,101796518705948507700000000,379725555921241572839308,97442829009935122088493691,0.04467942628769017,false
12796065,1625698293,100000000000000000000000000,101796518705948507700000000,379700931777978133955709,97440668097519254903497204,0.04470259382940478,false
12796109,1625698337,100000000000000000000000000,101796518705948507700000000,379676649449662924314156,97438571089740572122118742,0.04472507722013175,false
12796153,1625698381,100000000000000000000000000,101796518705948507700000000,379652708832531056594149,97436537973843289699062375,0.04474687650823195,false
12796197,1625698425,100000000000000000000000000,101796518705948507700000000,379629109824981559368347,97434568737475997731870798,0.04476799174043844,false
12796241,1625698469,100000000000000000000000000,101796518705948507700000000,379605852327576028092696,97432663368691477690552000,0.04478842296185537,false
12796285,1625698513,100000000000000000000000000,101796518705948507700000000,379582936243037311109874,97430821855946526708737850,0.0448081702159584,false
12796329,1625698557,100000000000000000000000000,101796518705948507700000000,379560361476248230630834,97429044188101787805950395,0.04482723354459517,false
12796373,1625698601,100000000000000000000000000,101796518705948507700000000,379538127934250338660271,97427330354421587135224681,0.04484561298798462,false
12796417,1625698645,100000000000000000000000000,101796518705948507700000000,379516235526242707832921,97425680344573777544916847,0.04486330858471832,false
12796461,1625698689,100000000000000000000000000,101796518705948507700000000,379494684163580757128658,97424094148629588514315751,0.04488032037175915,false
12796505,1625698733,100000000000000000000000000,101796518705948507700000000,379473473759775112435406,97422571757063482923541576,0.04489664838444285,false
12796549,1625698777,100000000000000000000000000,101796518705948507700000000,379452604230490501929943,97421113160753020162636679,0.04491229265647689,false
12796593,1625698821,100000000000000000000000000,101796518705948507700000000,379432075493544686247740,97419718350978725660973894,0.04492725321994118,false
12796637,1625698865,100000000000000000000000000,101796518705948507700000000,379411887468907423414026,97418387319423967060937902,0.04494153010528845,false
12796681,1625698909,100000000000000000000000000,101796518705948507700000000,379392040078699468509311,97417120058174836675390616,0.044955123341342995,false
12796725,1625698953,100000000000000000000000000,101796518705948507700000000,379372533247191608043689,97415916559720041105438618,0.04496803295530216,false
12796769,1625698997,100000000000000000000000000,101796518705948507700000000,379353366900803729015257,97414771936628261148118689,0.04498031132455682,false
12796813,1625699041,100000000000000000000000000,101796518705948507700000000,379334396409643233423718,97413655767067073995510403,0.04499228475072958,false
12796857,1625699085,100000000000000000000000000,101796518705948507700000000,379315429223757039382208,97412539344407440255322081,0.0450042611664323,false
12796901,1625699129,100000000000000000000000000,101796518705948507700000000,379296465342217692429006,97411422668665367792465168,0.04501624057168918,false
12796945,1625699173,100000000000000000000000000,101796518705948507700000000,379277504764098097712764,97410305739856840092104400,0.04502822296652531,false
12796989,1625699217,100000000000000000000000000,101796518705948507700000000,379258547488471519814085,97409188557997816099544918,0.04504020835096534,false
12797033,1625699261,100000000000000000000000000,101796518705948507700000000,379239593514411582567210,97408071123104230178503935,0.0450521967250348,false
12797077,1625699305,100000000000000000000000000,101796518705948507700000000,379220642840992268881809,97406953435191992320029282,0.04506418808875945,false
12797121,1625699349,100000000000000000000000000,101796518705948507700000000,379201695467287920564888,97405835494276987935263975,0.045076182442164825,false
12797165,1625699393,100000000000000000000000000,101796518705948507700000000,379182751392373238142796,97404717300375077998313180,0.04508817978527735,false
12797209,1625699437,100000000000000000000000000,101796518705948507700000000,379163810615323280683346,97403598853502098977226788,0.04510018011812367,false
12797253,1625699481,100000000000000000000000000,101796518705948507700000000,379144873135213465618036,97402480153673862951670044,0.045112183440730425,false
12797297,1625699525,100000000000000000000000000,101796518705948507700000000,379125938951119568564392,97401361200906157545129884,0.04512418975312493,false
12797341,1625699569,100000000000000000000000000,101796518705948507700000000,379107008062117723148401,97400241995214745882642331,0.0451361990553345,false
12797385,1625699613,100000000000000000000000000,101796518705948507700000000,379088080467284420827068,97399122536615366637496276,0.04514821134738689,false
12797429,1625699657,100000000000000000000000000,101796518705948507700000000,379069156165696510711067,97398002825123734240215977,0.045160226629310074,false
12797473,1625699701,100000000000000000000000000,101796518705948507700000000,379050235156431199387511,97396882860755538512144749,0.045172244901132474,false
12797517,1625699745,100000000000000000000000000,101796518705948507700000000,379031317438566050742823,97395762643526444899266272,0.04518426616288296,false
12797561,1625699789,100000000000000000000000000,101796518705948507700000000,379012403011178985785712,97394642173452094632151405,0.045196290414589946,false
12797605,1625699833,100000000000000000000000000,101796518705948507700000000,378993491873348282470267,97393521450548104272407818,0.04520831765628319,false
12797649,1625699877,100000000000000000000000000,101796518705948507700000000,378974584024152575519144,97392400474830066214600036,0.045220347887991785,false
12797693,1625699921,100000000000000000000000000,101796518705948507700000000,378955679462670856246872,97391279246313548395160038,0.045232381109746145,false
12797737,1625699965,100000000000000000000000000,101796518705948507700000000,378936778187982472383262,97390157765014094520747662,0.0452444173215758,false
12797781,1625700009,100000000000000000000000000,101796518705948507700000000,378917880199167127896918,97389036030947223725813331,0.045256456523511845,false
12797825,1625700053,100000000000000000000000000,101796518705948507700000000,378898985495304882818864,97387914044128430943224618,0.04526849871558447,false
12797869,1625700097,100000000000000000000000000,101796518705948507700000000,378880094075476153066272,97386791804573186814480475,0.04528054389782499,false
12797913,1625700141,100000000000000000000000000,101796518705948507700000000,378861205938761710266295,97385669312296937506332695,0.0452925920702647,false
12797957,1625700185,100000000000000000000000000,101796518705948507700000000,378842321084242681580016,97384546567315105035515831,0.04530464323293537,false
12798001,1625700229,100000000000000000000000000,101796518705948507700000000,378823439511000549526491,97383423569643087018078942,0.045316697385868965,false
12798045,1625700273,100000000000000000000000000,101796518705948507700000000,378804561218117151806909,97382300319296256763686861,0.04532875452909768,false
12798089,1625700317,100000000000000000000000000,101796518705948507700000000,378785686204674681128852,97381176816289963274855827,0.04534081466265394,false
12798133,1625700361,100000000000000000000000000,101796518705948507700000000,378766814469755685030667,97380053060639531414678250,0.04535287778657082,false
12798177,1625700405,100000000000000000000000000,101796518705948507700000000,378747946012443065705935,97378929052360261626520139,0.04536494390088164,false
12798221,1625700449,100000000000000000000000000,101796518705948507700000000,378729080831820079828060,97377804791467430103472477,0.04537701300561925,false
12798265,1625700493,100000000000000000000000000,101796518705948507700000000,378710218926970338374950,97376680277976288968938417,0.04538908510081807,false
12798309,1625700537,100000000000000000000000000,101796518705948507700000000,378691360296977806453816,97375555511902065799729877,0.04540116018651186,false
12798353,1625700581,100000000000000000000000000,101796518705948507700000000,378672504940926803126066,97374430493259964130876662,0.04541323826273502,false
12798397,1625700625,100000000000000000000000000,101796518705948507700000000,378653652857902001232315,97373305222065163252707284,0.04542531932952221,false
12798441,1625700669,100000000000000000000000000,101796518705948507700000000,378634804046988427217492,97372179698332818234093163,0.04543740338690849,false
12798485,1625700713,100000000000000000000000000,101796518705948507700000000,378615958507271460956064,97371053922078059856675725,0.04544949043492896,false
12798529,1625700757,100000000000000000000000000,101796518705948507700000000,378597116237836835577350,97369927893315994800504394,0.04546158047361959,false
12798573,1625700801,100000000000000000000000000,101796518705948507700000000,378578277237770637290956,97368801612061705483393647,0.04547367350301568,false
12798617,1625700845,100000000000000000000000000,101796518705948507700000000,378559441506159305212308,97367674528449823252188607,0.04548577542749688,false
12798661,1625700889,100000000000000000000000000,101796518705948507700000000,378540609042089631188288,97366546982660352183494600,0.04549788259490262,false
12798705,1625700933,100000000000000000000000000,101796518705948507700000000,378521779844648759622981,97365419616423713722428375,0.04550998811468543,false
12798749,1625700977,100000000000000000000000000,101796518705948507700000000,378502953912924187303528,97364292429698534929124776,0.04552209198716506,false